{
    "mag_range": [
        -20.444444444444443, 
        4.0
    ], 
    "view.origin_y": 11.222386639253955, 
    "view.origin_x": -6400.031190094295, 
    "view.scale_x": 15148.75133882347, 
    "view.scale_y": 1043.0578416363528
}
